iKenJoyChemistryLab,0,5,http://img6a.flixcart.com/image/learning-toy/h/m/8/iken-joy-chemistry-lab-125x125-imadqy3vmrskpkug.jpeg
Thames&KosmosChemC100TestLab,0,3.5,"data:image/gif;base64,R0lGODlhAQABAJEAAAAAAP////Ly8v///yH5BAEAAAMALAAAAAABAAEAAAICVAEAOw=="
CoreScienceLabManualwithPracticalSkillsasPerCC...,205,5,"data:image/gif;base64,R0lGODlhAQABAJEAAAAAAP////Ly8v///yH5BAEAAAMALAAAAAABAAEAAAICVAEAOw=="
4MKidzLabs-BuildYourOwnSuperSecureMoneySafe,1373,4,"data:image/gif;base64,R0lGODlhAQABAJEAAAAAAP////Ly8v///yH5BAEAAAMALAAAAAABAAEAAAICVAEAOw=="
"LABMANUALFORSCIENCE,CLASS9(Paperback)",202,5,"data:image/gif;base64,R0lGODlhAQABAJEAAAAAAP////Ly8v///yH5BAEAAAMALAAAAAABAAEAAAICVAEAOw=="
BiologyLabManual(English),140,3.5,"data:image/gif;base64,R0lGODlhAQABAJEAAAAAAP////Ly8v///yH5BAEAAAMALAAAAAABAAEAAAICVAEAOw=="
ChemistryLabManualForClass11/E2(English)(Paper...,67,5,"data:image/gif;base64,R0lGODlhAQABAJEAAAAAAP////Ly8v///yH5BAEAAAMALAAAAAABAAEAAAICVAEAOw=="
TogetherwithScienceLabManual-Class-IX(English),304,,http://img5a.flixcart.com/img/thumb/182/9788181373182.jpg
Thames&KosmosForensicsFingerprintLab,1510,,"data:image/gif;base64,R0lGODlhAQABAJEAAAAAAP////Ly8v///yH5BAEAAAMALAAAAAABAAEAAAICVAEAOw=="
EktaChemistryLab(Multicolor),284,,"data:image/gif;base64,R0lGODlhAQABAJEAAAAAAP////Ly8v///yH5BAEAAAMALAAAAAABAAEAAAICVAEAOw=="
"365SexThrills(Positions,TricksandTechniquesfora...",459,5,"data:image/gif;base64,R0lGODlhAQABAJEAAAAAAP////Ly8v///yH5BAEAAAMALAAAAAABAAEAAAICVAEAOw=="
"365SexPositions(ANewWayEveryDayforaSteamy,Er...",459,4,"data:image/gif;base64,R0lGODlhAQABAJEAAAAAAP////Ly8v///yH5BAEAAAMALAAAAAABAAEAAAICVAEAOw=="
JovanSexAppealDeodorantSpray-ForMen(150ml),150,3.6,"data:image/gif;base64,R0lGODlhAQABAJEAAAAAAP////Ly8v///yH5BAEAAAMALAAAAAABAAEAAAICVAEAOw=="
"SexAt24FramesPerSecond(A)(Movie,DVD)",290,2.6,"data:image/gif;base64,R0lGODlhAQABAJEAAAAAAP////Ly8v///yH5BAEAAAMALAAAAAABAAEAAAICVAEAOw=="
BestSexPositions:TheBestEroticPositionsToUnleas...,214,2,"data:image/gif;base64,R0lGODlhAQABAJEAAAAAAP////Ly8v///yH5BAEAAAMALAAAAAABAAEAAAICVAEAOw=="
"LoveSexAurMultiplex(Movie,DVD)",122,2,"data:image/gif;base64,R0lGODlhAQABAJEAAAAAAP////Ly8v///yH5BAEAAAMALAAAAAABAAEAAAICVAEAOw=="
"TheKeyToSex(Movie,DVD)",290,3,"data:image/gif;base64,R0lGODlhAQABAJEAAAAAAP////Ly8v///yH5BAEAAAMALAAAAAABAAEAAAICVAEAOw=="
"SexAt24FramesPerSecond(A)(Movie,VCD)",149,3.7,"data:image/gif;base64,R0lGODlhAQABAJEAAAAAAP////Ly8v///yH5BAEAAAMALAAAAAABAAEAAAICVAEAOw=="
JovanSexAppealEDT-88ml(ForMen),569,4.5,"data:image/gif;base64,R0lGODlhAQABAJEAAAAAAP////Ly8v///yH5BAEAAAMALAAAAAABAAEAAAICVAEAOw=="
MangoPicklesSexAppealOver-sizedSunglasses,1765,,"data:image/gif;base64,R0lGODlhAQABAJEAAAAAAP////Ly8v///yH5BAEAAAMALAAAAAABAAEAAAICVAEAOw=="
ToyhouseQuadCopter(Yellow),2421,3.4,http://img5a.flixcart.com/image/remote-control-toy/w/n/w/toyhouse-quad-copter-125x125-imadxhwgpm2yzpzs.jpeg
TicklesMotherElephantwith2Babies-15inch(Grey),664,4.3,http://img5a.flixcart.com/image/stuffed-toy/d/w/e/tickles-48-elephant-with-two-babies-125x125-imadsydsug2uxrra.jpeg
"TicklesSweetPanda-26cm(Black,White)",436,4.7,http://img6a.flixcart.com/image/stuffed-toy/s/h/e/tickles-40-lovely-looking-panda-125x125-imae3p6mwzgck9gj.jpeg
"TicklesScholerTeddy-6inch(Brown,Black)",332,2.5,http://img5a.flixcart.com/image/stuffed-toy/r/3/u/tickles-6-scholer-teddy-125x125-imae345mzbgvkmyr.jpeg
SurbhiHuggableTeddy-16.9Inch(Pink),513,4,"data:image/gif;base64,R0lGODlhAQABAJEAAAAAAP////Ly8v///yH5BAEAAAMALAAAAAABAAEAAAICVAEAOw=="
TicklesCuteCapCatterpillar-45cm(Multicolor),318,4.5,"data:image/gif;base64,R0lGODlhAQABAJEAAAAAAP////Ly8v///yH5BAEAAAMALAAAAAABAAEAAAICVAEAOw=="
SurbhiElephant-13.7inch(Cream),427,4.5,"data:image/gif;base64,R0lGODlhAQABAJEAAAAAAP////Ly8v///yH5BAEAAAMALAAAAAABAAEAAAICVAEAOw=="
ShengshouMirrorCube(1Pieces),208,4.3,"data:image/gif;base64,R0lGODlhAQABAJEAAAAAAP////Ly8v///yH5BAEAAAMALAAAAAABAAEAAAICVAEAOw=="
TaxtonCBT-3Rubik'sSpeedCubeStickerless(1Pieces),189,4.2,"data:image/gif;base64,R0lGODlhAQABAJEAAAAAAP////Ly8v///yH5BAEAAAMALAAAAAABAAEAAAICVAEAOw=="
TaxtonT-3SuperfastCBCubeSitckerless(1Pieces),189,4.2,"data:image/gif;base64,R0lGODlhAQABAJEAAAAAAP////Ly8v///yH5BAEAAAMALAAAAAABAAEAAAICVAEAOw=="
ToyhouseQuadCopter(Yellow),2421,3.4,http://img5a.flixcart.com/image/remote-control-toy/w/n/w/toyhouse-quad-copter-125x125-imadxhwgpm2yzpzs.jpeg
TicklesMotherElephantwith2Babies-15inch(Grey),664,4.3,http://img5a.flixcart.com/image/stuffed-toy/d/w/e/tickles-48-elephant-with-two-babies-125x125-imadsydsug2uxrra.jpeg
"TicklesSweetPanda-26cm(Black,White)",436,4.7,http://img6a.flixcart.com/image/stuffed-toy/s/h/e/tickles-40-lovely-looking-panda-125x125-imae3p6mwzgck9gj.jpeg
"TicklesScholerTeddy-6inch(Brown,Black)",332,2.5,http://img5a.flixcart.com/image/stuffed-toy/r/3/u/tickles-6-scholer-teddy-125x125-imae345mzbgvkmyr.jpeg
SurbhiHuggableTeddy-16.9Inch(Pink),513,4,"data:image/gif;base64,R0lGODlhAQABAJEAAAAAAP////Ly8v///yH5BAEAAAMALAAAAAABAAEAAAICVAEAOw=="
TicklesCuteCapCatterpillar-45cm(Multicolor),318,4.5,"data:image/gif;base64,R0lGODlhAQABAJEAAAAAAP////Ly8v///yH5BAEAAAMALAAAAAABAAEAAAICVAEAOw=="
SurbhiElephant-13.7inch(Cream),427,4.5,"data:image/gif;base64,R0lGODlhAQABAJEAAAAAAP////Ly8v///yH5BAEAAAMALAAAAAABAAEAAAICVAEAOw=="
ShengshouMirrorCube(1Pieces),208,4.3,"data:image/gif;base64,R0lGODlhAQABAJEAAAAAAP////Ly8v///yH5BAEAAAMALAAAAAABAAEAAAICVAEAOw=="
TaxtonCBT-3Rubik'sSpeedCubeStickerless(1Pieces),189,4.2,"data:image/gif;base64,R0lGODlhAQABAJEAAAAAAP////Ly8v///yH5BAEAAAMALAAAAAABAAEAAAICVAEAOw=="
TaxtonT-3SuperfastCBCubeSitckerless(1Pieces),189,4.2,"data:image/gif;base64,R0lGODlhAQABAJEAAAAAAP////Ly8v///yH5BAEAAAMALAAAAAABAAEAAAICVAEAOw=="
ToyhouseQuadCopter(Yellow),2421,3.4,http://img5a.flixcart.com/image/remote-control-toy/w/n/w/toyhouse-quad-copter-125x125-imadxhwgpm2yzpzs.jpeg
TicklesMotherElephantwith2Babies-15inch(Grey),664,4.3,http://img5a.flixcart.com/image/stuffed-toy/d/w/e/tickles-48-elephant-with-two-babies-125x125-imadsydsug2uxrra.jpeg
"TicklesSweetPanda-26cm(Black,White)",436,4.7,http://img6a.flixcart.com/image/stuffed-toy/s/h/e/tickles-40-lovely-looking-panda-125x125-imae3p6mwzgck9gj.jpeg
"TicklesScholerTeddy-6inch(Brown,Black)",332,2.5,http://img5a.flixcart.com/image/stuffed-toy/r/3/u/tickles-6-scholer-teddy-125x125-imae345mzbgvkmyr.jpeg
SurbhiHuggableTeddy-16.9Inch(Pink),513,4,"data:image/gif;base64,R0lGODlhAQABAJEAAAAAAP////Ly8v///yH5BAEAAAMALAAAAAABAAEAAAICVAEAOw=="
TicklesCuteCapCatterpillar-45cm(Multicolor),318,4.5,"data:image/gif;base64,R0lGODlhAQABAJEAAAAAAP////Ly8v///yH5BAEAAAMALAAAAAABAAEAAAICVAEAOw=="
SurbhiElephant-13.7inch(Cream),427,4.5,"data:image/gif;base64,R0lGODlhAQABAJEAAAAAAP////Ly8v///yH5BAEAAAMALAAAAAABAAEAAAICVAEAOw=="
ShengshouMirrorCube(1Pieces),208,4.3,"data:image/gif;base64,R0lGODlhAQABAJEAAAAAAP////Ly8v///yH5BAEAAAMALAAAAAABAAEAAAICVAEAOw=="
TaxtonCBT-3Rubik'sSpeedCubeStickerless(1Pieces),189,4.2,"data:image/gif;base64,R0lGODlhAQABAJEAAAAAAP////Ly8v///yH5BAEAAAMALAAAAAABAAEAAAICVAEAOw=="
TaxtonT-3SuperfastCBCubeSitckerless(1Pieces),189,4.2,"data:image/gif;base64,R0lGODlhAQABAJEAAAAAAP////Ly8v///yH5BAEAAAMALAAAAAABAAEAAAICVAEAOw=="
